filename,label
Image_1.jpg,queen of spades
Image_2.jpg,ace of spades
Image_3.jpg,eight of diamonds
Image_4.jpg,four of diamonds
Image_5.jpg,three of clubs
Image_6.jpg,four of diamonds
Image_7.jpg,jack of clubs
Image_8.jpg,jack of diamonds
Image_9.jpg,jack of diamonds
Image_10.jpg,queen of clubs
Image_11.jpg,king of spades
Image_12.jpg,six of diamonds
Image_13.jpg,jack of spades
Image_14.jpg,seven of diamonds
Image_15.jpg,queen of spades
Image_16.jpg,three of hearts
Image_17.jpg,four of clubs
Image_18.jpg,five of hearts
Image_19.jpg,nine of spades
Image_20.jpg,queen of spades
Image_21.jpg,jack of clubs
Image_22.jpg,ace of hearts
Image_23.jpg,three of spades
Image_24.jpg,jack of hearts
Image_25.jpg,jack of diamonds
Image_26.jpg,three of hearts
Image_27.jpg,jack of hearts
Image_28.jpg,king of hearts
Image_29.jpg,nine of hearts
Image_30.jpg,jack of hearts
Image_31.jpg,ace of hearts
Image_32.jpg,queen of diamonds
Image_33.jpg,ten of diamonds
Image_34.jpg,king of clubs
Image_35.jpg,three of hearts
Image_36.jpg,jack of diamonds
Image_37.jpg,five of spades
Image_38.jpg,jack of clubs
Image_39.jpg,six of clubs
Image_40.jpg,two of spades
Image_41.jpg,three of diamonds
Image_42.jpg,four of clubs
Image_43.jpg,six of diamonds
Image_44.jpg,four of diamonds
Image_45.jpg,queen of spades
Image_46.jpg,ace of diamonds
Image_47.jpg,four of diamonds
Image_48.jpg,two of hearts
Image_49.jpg,two of spades
Image_50.jpg,eight of spades
Image_51.jpg,three of hearts
Image_52.jpg,four of diamonds
Image_53.jpg,two of clubs
Image_54.jpg,seven of spades
Image_55.jpg,two of hearts
Image_56.jpg,two of hearts
Image_57.jpg,king of clubs
Image_58.jpg,queen of clubs
Image_59.jpg,four of hearts
Image_60.jpg,four of clubs
Image_61.jpg,four of spades
Image_62.jpg,seven of spades
Image_63.jpg,king of spades
Image_64.jpg,four of clubs
Image_65.jpg,two of diamonds
Image_66.jpg,queen of clubs
Image_67.jpg,three of clubs
Image_68.jpg,joker
Image_69.jpg,three of clubs
Image_70.jpg,two of diamonds
Image_71.jpg,ten of spades
Image_72.jpg,seven of hearts
Image_73.jpg,ace of spades
Image_74.jpg,ace of hearts
Image_75.jpg,eight of spades
Image_76.jpg,nine of diamonds
Image_77.jpg,eight of hearts
Image_78.jpg,jack of spades
Image_79.jpg,eight of hearts
Image_80.jpg,eight of clubs
Image_81.jpg,queen of hearts
Image_82.jpg,eight of hearts
Image_83.jpg,two of spades
Image_84.jpg,ten of hearts
Image_85.jpg,six of hearts
Image_86.jpg,eight of hearts
Image_87.jpg,two of hearts
Image_88.jpg,three of clubs
Image_89.jpg,seven of spades
Image_90.jpg,five of diamonds
Image_91.jpg,five of diamonds
Image_92.jpg,six of hearts
Image_93.jpg,joker
Image_94.jpg,six of hearts
Image_95.jpg,ace of spades
Image_96.jpg,queen of spades
Image_97.jpg,ace of diamonds
Image_98.jpg,four of clubs
Image_99.jpg,eight of clubs
Image_100.jpg,king of spades
Image_101.jpg,seven of spades
Image_102.jpg,four of diamonds
Image_103.jpg,seven of spades
Image_104.jpg,nine of spades
Image_105.jpg,two of spades
Image_106.jpg,jack of spades
Image_107.jpg,two of diamonds
Image_108.jpg,four of clubs
Image_109.jpg,six of clubs
Image_110.jpg,king of clubs
Image_111.jpg,six of spades
Image_112.jpg,six of diamonds
Image_113.jpg,king of diamonds
Image_114.jpg,ten of spades
Image_115.jpg,ace of clubs
Image_116.jpg,seven of spades
Image_117.jpg,four of clubs
Image_118.jpg,six of diamonds
Image_119.jpg,three of diamonds
Image_120.jpg,ace of hearts
Image_121.jpg,king of diamonds
Image_122.jpg,seven of hearts
Image_123.jpg,six of spades
Image_124.jpg,queen of hearts
Image_125.jpg,seven of diamonds
Image_126.jpg,nine of clubs
Image_127.jpg,ten of diamonds
Image_128.jpg,six of diamonds
Image_129.jpg,six of diamonds
Image_130.jpg,jack of spades
Image_131.jpg,six of clubs
Image_132.jpg,four of spades
Image_133.jpg,queen of spades
Image_134.jpg,eight of hearts
Image_135.jpg,queen of clubs
Image_136.jpg,jack of clubs
Image_137.jpg,joker
Image_138.jpg,three of hearts
Image_139.jpg,seven of spades
Image_140.jpg,queen of diamonds
Image_141.jpg,nine of diamonds
Image_142.jpg,five of diamonds
Image_143.jpg,queen of spades
Image_144.jpg,two of spades
Image_145.jpg,queen of hearts
Image_146.jpg,three of hearts
Image_147.jpg,two of clubs
Image_148.jpg,six of hearts
Image_149.jpg,two of clubs
Image_150.jpg,two of diamonds
Image_151.jpg,queen of diamonds
Image_152.jpg,joker
Image_153.jpg,nine of clubs
Image_154.jpg,four of diamonds
Image_155.jpg,ten of hearts
Image_156.jpg,king of spades
Image_157.jpg,jack of spades
Image_158.jpg,nine of clubs
Image_159.jpg,ten of hearts
Image_160.jpg,six of spades
Image_161.jpg,four of diamonds
Image_162.jpg,jack of hearts
Image_163.jpg,six of spades
Image_164.jpg,king of clubs
Image_165.jpg,seven of diamonds
Image_166.jpg,ten of clubs
Image_167.jpg,king of spades
Image_168.jpg,five of hearts
Image_169.jpg,king of spades
Image_170.jpg,seven of hearts
Image_171.jpg,ten of clubs
Image_172.jpg,eight of clubs
Image_173.jpg,four of diamonds
Image_174.jpg,five of spades
Image_175.jpg,nine of spades
Image_176.jpg,ten of spades
Image_177.jpg,queen of spades
Image_178.jpg,five of spades
Image_179.jpg,six of hearts
Image_180.jpg,four of spades
Image_181.jpg,four of spades
Image_182.jpg,jack of spades
Image_183.jpg,queen of spades
Image_184.jpg,queen of diamonds
Image_185.jpg,five of spades
Image_186.jpg,queen of clubs
Image_187.jpg,four of clubs
Image_188.jpg,two of hearts
Image_189.jpg,three of clubs
Image_190.jpg,king of hearts
Image_191.jpg,four of clubs
Image_192.jpg,four of hearts
Image_193.jpg,queen of clubs
Image_194.jpg,four of clubs
Image_195.jpg,six of hearts
Image_196.jpg,two of spades
Image_197.jpg,king of diamonds
Image_198.jpg,five of diamonds
Image_199.jpg,queen of diamonds
Image_200.jpg,jack of clubs
Image_201.jpg,queen of hearts
Image_202.jpg,four of hearts
Image_203.jpg,six of clubs
Image_204.jpg,queen of spades
Image_205.jpg,five of hearts
Image_206.jpg,seven of hearts
Image_207.jpg,two of spades
Image_208.jpg,ace of diamonds
Image_209.jpg,ten of clubs
Image_210.jpg,seven of clubs
Image_211.jpg,five of hearts
Image_212.jpg,six of diamonds
Image_213.jpg,three of diamonds
Image_214.jpg,three of clubs
Image_215.jpg,jack of diamonds
Image_216.jpg,ace of hearts
Image_217.jpg,seven of spades
Image_218.jpg,four of diamonds
Image_219.jpg,five of hearts
Image_220.jpg,nine of diamonds
Image_221.jpg,six of clubs
Image_222.jpg,seven of hearts
Image_223.jpg,six of hearts
Image_224.jpg,seven of hearts
Image_225.jpg,three of diamonds
Image_226.jpg,ace of spades
Image_227.jpg,ten of clubs
Image_228.jpg,two of diamonds
Image_229.jpg,six of spades
Image_230.jpg,ace of clubs
Image_231.jpg,three of clubs
Image_232.jpg,ten of diamonds
Image_233.jpg,joker
Image_234.jpg,jack of diamonds
Image_235.jpg,ten of hearts
Image_236.jpg,ace of diamonds
Image_237.jpg,seven of spades
Image_238.jpg,ace of spades
Image_239.jpg,three of diamonds
Image_240.jpg,jack of hearts
Image_241.jpg,nine of spades
Image_242.jpg,four of hearts
Image_243.jpg,ace of hearts
Image_244.jpg,jack of hearts
Image_245.jpg,king of clubs
Image_246.jpg,six of spades
Image_247.jpg,nine of spades
Image_248.jpg,nine of spades
Image_249.jpg,two of diamonds
Image_250.jpg,five of clubs
Image_251.jpg,four of spades
Image_252.jpg,three of clubs
Image_253.jpg,queen of clubs
Image_254.jpg,seven of spades
Image_255.jpg,jack of diamonds
Image_256.jpg,eight of hearts
Image_257.jpg,queen of spades
Image_258.jpg,queen of spades
Image_259.jpg,jack of hearts
Image_260.jpg,ten of clubs
Image_261.jpg,nine of clubs
Image_262.jpg,three of spades
Image_263.jpg,four of hearts
Image_264.jpg,six of spades
Image_265.jpg,eight of spades
Image_266.jpg,jack of diamonds
Image_267.jpg,seven of spades
Image_268.jpg,two of clubs
Image_269.jpg,king of diamonds
Image_270.jpg,three of clubs
Image_271.jpg,seven of diamonds
Image_272.jpg,seven of clubs
Image_273.jpg,ten of spades
Image_274.jpg,two of clubs
Image_275.jpg,six of hearts
Image_276.jpg,ten of hearts
Image_277.jpg,ace of clubs
Image_278.jpg,four of hearts
Image_279.jpg,six of clubs
Image_280.jpg,four of hearts
Image_281.jpg,jack of clubs
Image_282.jpg,ace of hearts
Image_283.jpg,queen of spades
Image_284.jpg,six of spades
Image_285.jpg,two of spades
Image_286.jpg,seven of spades
Image_287.jpg,eight of spades
Image_288.jpg,five of diamonds
Image_289.jpg,king of clubs
Image_290.jpg,ten of hearts
Image_291.jpg,king of hearts
Image_292.jpg,four of diamonds
Image_293.jpg,ten of clubs
Image_294.jpg,jack of diamonds
Image_295.jpg,jack of hearts
Image_296.jpg,nine of diamonds
Image_297.jpg,seven of diamonds
Image_298.jpg,king of diamonds
Image_299.jpg,seven of hearts
Image_300.jpg,seven of spades
Image_301.jpg,four of clubs
Image_302.jpg,jack of hearts
Image_303.jpg,five of hearts
Image_304.jpg,four of hearts
Image_305.jpg,six of clubs
Image_306.jpg,nine of hearts
Image_307.jpg,nine of clubs
Image_308.jpg,king of spades
Image_309.jpg,king of clubs
Image_310.jpg,king of clubs
Image_311.jpg,two of hearts
Image_312.jpg,eight of hearts
Image_313.jpg,two of hearts
Image_314.jpg,two of hearts
Image_315.jpg,two of spades
Image_316.jpg,nine of spades
Image_317.jpg,six of spades
Image_318.jpg,three of spades
Image_319.jpg,three of hearts
Image_320.jpg,two of hearts
Image_321.jpg,three of clubs
Image_322.jpg,king of clubs
Image_323.jpg,ace of spades
Image_324.jpg,six of diamonds
Image_325.jpg,king of clubs
Image_326.jpg,eight of diamonds
Image_327.jpg,three of spades
Image_328.jpg,ace of spades
Image_329.jpg,three of diamonds
Image_330.jpg,joker
Image_331.jpg,king of diamonds
Image_332.jpg,three of hearts
Image_333.jpg,nine of clubs
Image_334.jpg,two of spades
Image_335.jpg,ace of spades
Image_336.jpg,five of spades
Image_337.jpg,four of clubs
Image_338.jpg,three of spades
Image_339.jpg,four of hearts
Image_340.jpg,nine of hearts
Image_341.jpg,six of hearts
Image_342.jpg,ten of clubs
Image_343.jpg,seven of spades
Image_344.jpg,ace of diamonds
Image_345.jpg,king of hearts
Image_346.jpg,four of diamonds
Image_347.jpg,seven of spades
Image_348.jpg,jack of hearts
Image_349.jpg,jack of clubs
Image_350.jpg,three of hearts
Image_351.jpg,seven of diamonds
Image_352.jpg,nine of hearts
Image_353.jpg,two of spades
Image_354.jpg,ten of hearts
Image_355.jpg,five of clubs
Image_356.jpg,king of hearts
Image_357.jpg,seven of spades
Image_358.jpg,queen of diamonds
Image_359.jpg,two of diamonds
Image_360.jpg,king of clubs
Image_361.jpg,jack of spades
Image_362.jpg,six of diamonds
Image_363.jpg,ten of diamonds
Image_364.jpg,six of hearts
Image_365.jpg,eight of hearts
Image_366.jpg,jack of diamonds
Image_367.jpg,two of spades
Image_368.jpg,four of hearts
Image_369.jpg,ten of clubs
Image_370.jpg,seven of diamonds
Image_371.jpg,nine of clubs
Image_372.jpg,nine of clubs
Image_373.jpg,seven of diamonds
Image_374.jpg,ten of spades
Image_375.jpg,three of hearts
Image_376.jpg,four of clubs
Image_377.jpg,jack of hearts
Image_378.jpg,king of spades
Image_379.jpg,ten of diamonds
Image_380.jpg,nine of clubs
Image_381.jpg,king of hearts
Image_382.jpg,nine of spades
Image_383.jpg,queen of diamonds
Image_384.jpg,eight of clubs
Image_385.jpg,eight of hearts
Image_386.jpg,queen of spades
Image_387.jpg,jack of clubs
Image_388.jpg,king of hearts
Image_389.jpg,eight of diamonds
Image_390.jpg,eight of clubs
Image_391.jpg,four of diamonds
Image_392.jpg,five of hearts
Image_393.jpg,seven of hearts
Image_394.jpg,ten of spades
Image_395.jpg,six of clubs
Image_396.jpg,eight of clubs
Image_397.jpg,six of clubs
Image_398.jpg,nine of hearts
Image_399.jpg,eight of hearts
Image_400.jpg,king of diamonds
Image_401.jpg,king of clubs
Image_402.jpg,jack of hearts
Image_403.jpg,four of spades
Image_404.jpg,king of diamonds
Image_405.jpg,queen of diamonds
Image_406.jpg,jack of diamonds
Image_407.jpg,jack of clubs
Image_408.jpg,seven of spades
Image_409.jpg,six of diamonds
Image_410.jpg,four of spades
Image_411.jpg,ace of clubs
Image_412.jpg,eight of clubs
Image_413.jpg,king of clubs
Image_414.jpg,eight of hearts
Image_415.jpg,three of clubs
Image_416.jpg,queen of diamonds
Image_417.jpg,eight of hearts
Image_418.jpg,ten of spades
Image_419.jpg,eight of spades
Image_420.jpg,two of hearts
Image_421.jpg,two of hearts
Image_422.jpg,seven of spades
Image_423.jpg,four of clubs
Image_424.jpg,ace of hearts
Image_425.jpg,queen of spades
Image_426.jpg,seven of hearts
Image_427.jpg,two of hearts
Image_428.jpg,three of spades
Image_429.jpg,six of spades
Image_430.jpg,queen of spades
Image_431.jpg,ten of diamonds
Image_432.jpg,five of diamonds
Image_433.jpg,eight of diamonds
Image_434.jpg,eight of hearts
Image_435.jpg,ace of hearts
Image_436.jpg,five of spades
Image_437.jpg,two of spades
Image_438.jpg,ten of spades
Image_439.jpg,seven of spades
Image_440.jpg,king of clubs
Image_441.jpg,jack of clubs
Image_442.jpg,ace of spades
Image_443.jpg,king of clubs
Image_444.jpg,six of hearts
Image_445.jpg,jack of hearts
Image_446.jpg,five of clubs
Image_447.jpg,nine of spades
Image_448.jpg,jack of clubs
Image_449.jpg,ace of diamonds
Image_450.jpg,eight of spades
Image_451.jpg,jack of spades
Image_452.jpg,eight of spades
Image_453.jpg,king of hearts
Image_454.jpg,queen of diamonds
Image_455.jpg,jack of clubs
Image_456.jpg,jack of diamonds
Image_457.jpg,ten of diamonds
Image_458.jpg,two of spades
Image_459.jpg,six of diamonds
Image_460.jpg,two of hearts
Image_461.jpg,joker
Image_462.jpg,four of spades
Image_463.jpg,ten of diamonds
Image_464.jpg,four of diamonds
Image_465.jpg,nine of clubs
Image_466.jpg,seven of spades
Image_467.jpg,jack of spades
Image_468.jpg,eight of clubs
Image_469.jpg,jack of diamonds
Image_470.jpg,six of diamonds
Image_471.jpg,ten of hearts
Image_472.jpg,six of hearts
Image_473.jpg,jack of clubs
Image_474.jpg,queen of diamonds
Image_475.jpg,nine of clubs
Image_476.jpg,king of hearts
Image_477.jpg,jack of diamonds
Image_478.jpg,three of clubs
Image_479.jpg,seven of spades
Image_480.jpg,seven of hearts
Image_481.jpg,ace of diamonds
Image_482.jpg,nine of spades
Image_483.jpg,eight of hearts
Image_484.jpg,queen of hearts
Image_485.jpg,three of spades
Image_486.jpg,two of clubs
Image_487.jpg,three of clubs
Image_488.jpg,five of hearts
Image_489.jpg,ace of clubs
Image_490.jpg,jack of clubs
Image_491.jpg,queen of spades
Image_492.jpg,queen of hearts
Image_493.jpg,seven of hearts
Image_494.jpg,queen of diamonds
Image_495.jpg,jack of diamonds
Image_496.jpg,ace of spades
Image_497.jpg,three of hearts
Image_498.jpg,six of clubs
Image_499.jpg,five of spades
Image_500.jpg,eight of hearts
Image_501.jpg,nine of clubs
Image_502.jpg,three of hearts
Image_503.jpg,queen of clubs
Image_504.jpg,ace of hearts
Image_505.jpg,four of spades
Image_506.jpg,five of diamonds
Image_507.jpg,king of spades
Image_508.jpg,queen of clubs
Image_509.jpg,queen of clubs
Image_510.jpg,three of clubs
Image_511.jpg,two of hearts
Image_512.jpg,five of spades
Image_513.jpg,joker
Image_514.jpg,ten of clubs
Image_515.jpg,king of spades
Image_516.jpg,queen of hearts
Image_517.jpg,four of clubs
Image_518.jpg,king of diamonds
Image_519.jpg,two of spades
Image_520.jpg,two of hearts
Image_521.jpg,jack of diamonds
Image_522.jpg,eight of clubs
Image_523.jpg,two of diamonds
Image_524.jpg,two of spades
Image_525.jpg,two of diamonds
Image_526.jpg,ten of spades
Image_527.jpg,king of diamonds
Image_528.jpg,five of spades
Image_529.jpg,king of hearts
Image_530.jpg,four of spades
Image_531.jpg,ace of spades
Image_532.jpg,queen of spades
Image_533.jpg,seven of diamonds
Image_534.jpg,two of clubs
Image_535.jpg,five of clubs
Image_536.jpg,king of clubs
Image_537.jpg,seven of hearts
Image_538.jpg,five of hearts
Image_539.jpg,six of spades
Image_540.jpg,nine of diamonds
Image_541.jpg,six of spades
Image_542.jpg,joker
Image_543.jpg,four of clubs
Image_544.jpg,seven of hearts
Image_545.jpg,eight of spades
Image_546.jpg,ten of clubs
Image_547.jpg,seven of hearts
Image_548.jpg,ace of spades
Image_549.jpg,eight of clubs
Image_550.jpg,jack of clubs
Image_551.jpg,ace of clubs
Image_552.jpg,seven of spades
Image_553.jpg,ace of hearts
Image_554.jpg,five of spades
Image_555.jpg,ace of hearts
Image_556.jpg,ten of diamonds
Image_557.jpg,seven of hearts
Image_558.jpg,ten of spades
Image_559.jpg,five of hearts
Image_560.jpg,eight of hearts
Image_561.jpg,three of spades
Image_562.jpg,eight of diamonds
Image_563.jpg,ace of diamonds
Image_564.jpg,jack of diamonds
Image_565.jpg,five of spades
Image_566.jpg,five of hearts
Image_567.jpg,nine of diamonds
Image_568.jpg,nine of spades
Image_569.jpg,six of diamonds
Image_570.jpg,four of diamonds
Image_571.jpg,two of hearts
Image_572.jpg,king of clubs
Image_573.jpg,joker
Image_574.jpg,nine of diamonds
Image_575.jpg,nine of hearts
Image_576.jpg,three of diamonds
Image_577.jpg,nine of spades
Image_578.jpg,ten of spades
Image_579.jpg,jack of hearts
Image_580.jpg,ten of hearts
Image_581.jpg,ten of spades
Image_582.jpg,five of clubs
Image_583.jpg,king of diamonds
Image_584.jpg,jack of clubs
Image_585.jpg,jack of hearts
Image_586.jpg,queen of hearts
Image_587.jpg,six of spades
Image_588.jpg,ten of diamonds
Image_589.jpg,jack of diamonds
Image_590.jpg,three of spades
Image_591.jpg,four of spades
Image_592.jpg,five of clubs
Image_593.jpg,two of spades
Image_594.jpg,six of diamonds
Image_595.jpg,nine of spades
Image_596.jpg,king of clubs
Image_597.jpg,queen of clubs
Image_598.jpg,three of diamonds
Image_599.jpg,four of spades
Image_600.jpg,joker
Image_601.jpg,five of hearts
Image_602.jpg,ten of hearts
Image_603.jpg,ten of hearts
Image_604.jpg,ten of diamonds
Image_605.jpg,nine of diamonds
Image_606.jpg,queen of hearts
Image_607.jpg,three of diamonds
Image_608.jpg,ace of clubs
Image_609.jpg,nine of spades
Image_610.jpg,jack of hearts
Image_611.jpg,king of diamonds
Image_612.jpg,six of hearts
Image_613.jpg,six of diamonds
Image_614.jpg,five of spades
Image_615.jpg,four of spades
Image_616.jpg,three of hearts
Image_617.jpg,nine of clubs
Image_618.jpg,five of hearts
Image_619.jpg,queen of hearts
Image_620.jpg,seven of diamonds
Image_621.jpg,jack of clubs
Image_622.jpg,seven of diamonds
Image_623.jpg,four of clubs
Image_624.jpg,six of hearts
Image_625.jpg,two of clubs
Image_626.jpg,queen of hearts
Image_627.jpg,eight of spades
Image_628.jpg,jack of hearts
Image_629.jpg,queen of hearts
Image_630.jpg,seven of clubs
Image_631.jpg,queen of clubs
Image_632.jpg,six of spades
Image_633.jpg,three of hearts
Image_634.jpg,six of spades
Image_635.jpg,three of clubs
Image_636.jpg,king of spades
Image_637.jpg,three of spades
Image_638.jpg,six of hearts
Image_639.jpg,ace of hearts
Image_640.jpg,joker
Image_641.jpg,eight of diamonds
Image_642.jpg,king of clubs
Image_643.jpg,two of spades
Image_644.jpg,queen of clubs
Image_645.jpg,seven of hearts
Image_646.jpg,jack of diamonds
Image_647.jpg,nine of spades
Image_648.jpg,eight of diamonds
Image_649.jpg,five of diamonds
Image_650.jpg,ten of diamonds
Image_651.jpg,four of spades
Image_652.jpg,jack of clubs
Image_653.jpg,seven of spades
Image_654.jpg,jack of clubs
Image_655.jpg,ace of clubs
Image_656.jpg,ace of spades
Image_657.jpg,two of clubs
Image_658.jpg,five of spades
Image_659.jpg,king of hearts
Image_660.jpg,ten of clubs
Image_661.jpg,two of diamonds
Image_662.jpg,five of clubs
Image_663.jpg,seven of hearts
Image_664.jpg,ace of spades
Image_665.jpg,eight of diamonds
Image_666.jpg,three of diamonds
Image_667.jpg,nine of hearts
Image_668.jpg,three of clubs
Image_669.jpg,ten of hearts
Image_670.jpg,two of hearts
Image_671.jpg,six of spades
Image_672.jpg,six of clubs
Image_673.jpg,eight of hearts
Image_674.jpg,king of clubs
Image_675.jpg,ace of clubs
Image_676.jpg,ten of spades
Image_677.jpg,seven of spades
Image_678.jpg,jack of spades
Image_679.jpg,queen of diamonds
Image_680.jpg,three of clubs
Image_681.jpg,six of hearts
Image_682.jpg,ace of clubs
Image_683.jpg,eight of spades
Image_684.jpg,two of diamonds
Image_685.jpg,nine of spades
Image_686.jpg,jack of spades
Image_687.jpg,jack of spades
Image_688.jpg,king of clubs
Image_689.jpg,six of spades
Image_690.jpg,five of hearts
Image_691.jpg,six of hearts
Image_692.jpg,five of diamonds
Image_693.jpg,five of spades
Image_694.jpg,ten of clubs
Image_695.jpg,queen of spades
Image_696.jpg,six of clubs
Image_697.jpg,nine of diamonds
Image_698.jpg,queen of diamonds
Image_699.jpg,king of clubs
Image_700.jpg,queen of clubs
Image_701.jpg,joker
Image_702.jpg,five of spades
Image_703.jpg,queen of spades
Image_704.jpg,king of diamonds
Image_705.jpg,two of spades
Image_706.jpg,king of spades
Image_707.jpg,six of spades
Image_708.jpg,ten of clubs
Image_709.jpg,seven of spades
Image_710.jpg,five of diamonds
Image_711.jpg,two of spades
Image_712.jpg,eight of hearts
Image_713.jpg,jack of clubs
Image_714.jpg,queen of clubs
Image_715.jpg,three of clubs
Image_716.jpg,ace of hearts
Image_717.jpg,seven of hearts
Image_718.jpg,four of spades
Image_719.jpg,six of clubs
Image_720.jpg,eight of diamonds
Image_721.jpg,six of diamonds
Image_722.jpg,six of clubs
Image_723.jpg,two of diamonds
Image_724.jpg,jack of hearts
Image_725.jpg,jack of clubs
Image_726.jpg,seven of hearts
Image_727.jpg,nine of spades
Image_728.jpg,queen of spades
Image_729.jpg,queen of diamonds
Image_730.jpg,ace of clubs
Image_731.jpg,ten of diamonds
Image_732.jpg,jack of clubs
Image_733.jpg,nine of diamonds
Image_734.jpg,nine of spades
Image_735.jpg,five of diamonds
Image_736.jpg,two of spades
Image_737.jpg,eight of clubs
Image_738.jpg,five of hearts
Image_739.jpg,six of hearts
Image_740.jpg,three of diamonds
Image_741.jpg,two of clubs
Image_742.jpg,four of hearts
Image_743.jpg,queen of spades
Image_744.jpg,seven of spades
Image_745.jpg,jack of hearts
Image_746.jpg,seven of spades
Image_747.jpg,jack of hearts
Image_748.jpg,king of hearts
Image_749.jpg,ace of diamonds
Image_750.jpg,seven of clubs
Image_751.jpg,eight of diamonds
Image_752.jpg,three of spades
Image_753.jpg,seven of hearts
Image_754.jpg,six of spades
Image_755.jpg,seven of spades
Image_756.jpg,four of clubs
Image_757.jpg,seven of clubs
Image_758.jpg,five of hearts
Image_759.jpg,ten of spades
Image_760.jpg,ten of clubs
Image_761.jpg,eight of diamonds
Image_762.jpg,three of hearts
Image_763.jpg,seven of spades
Image_764.jpg,five of hearts
Image_765.jpg,two of hearts
Image_766.jpg,queen of diamonds
Image_767.jpg,eight of spades
Image_768.jpg,jack of hearts
Image_769.jpg,king of spades
Image_770.jpg,eight of clubs
Image_771.jpg,joker
Image_772.jpg,nine of spades
Image_773.jpg,three of diamonds
Image_774.jpg,two of clubs
Image_775.jpg,ten of spades
Image_776.jpg,ace of clubs
Image_777.jpg,five of clubs
Image_778.jpg,seven of spades
Image_779.jpg,nine of spades
Image_780.jpg,jack of hearts
Image_781.jpg,king of clubs
Image_782.jpg,four of diamonds
Image_783.jpg,jack of diamonds
Image_784.jpg,five of diamonds
Image_785.jpg,ace of spades
Image_786.jpg,seven of spades
Image_787.jpg,eight of hearts
Image_788.jpg,three of diamonds
Image_789.jpg,ten of diamonds
Image_790.jpg,joker
Image_791.jpg,king of hearts
Image_792.jpg,queen of diamonds
Image_793.jpg,eight of hearts
Image_794.jpg,queen of spades
Image_795.jpg,four of diamonds
Image_796.jpg,two of hearts
Image_797.jpg,ten of diamonds
Image_798.jpg,jack of spades
Image_799.jpg,king of diamonds
Image_800.jpg,eight of clubs
Image_801.jpg,queen of clubs
Image_802.jpg,two of diamonds
Image_803.jpg,jack of spades
Image_804.jpg,seven of spades
Image_805.jpg,queen of clubs
Image_806.jpg,three of diamonds
Image_807.jpg,king of clubs
Image_808.jpg,jack of clubs
Image_809.jpg,three of hearts
Image_810.jpg,two of clubs
Image_811.jpg,three of clubs
Image_812.jpg,ace of clubs
Image_813.jpg,two of diamonds
Image_814.jpg,four of clubs
Image_815.jpg,ten of clubs
Image_816.jpg,three of spades
Image_817.jpg,queen of clubs
Image_818.jpg,six of spades
Image_819.jpg,jack of hearts
Image_820.jpg,ace of diamonds
Image_821.jpg,five of clubs
Image_822.jpg,nine of diamonds
Image_823.jpg,ten of hearts
Image_824.jpg,six of diamonds
Image_825.jpg,three of diamonds
Image_826.jpg,five of clubs
Image_827.jpg,jack of clubs
Image_828.jpg,king of hearts
Image_829.jpg,ace of diamonds
Image_830.jpg,eight of diamonds
Image_831.jpg,two of spades
Image_832.jpg,ten of diamonds
Image_833.jpg,five of hearts
Image_834.jpg,ten of hearts
Image_835.jpg,two of hearts
Image_836.jpg,two of diamonds
Image_837.jpg,jack of diamonds
Image_838.jpg,jack of spades
Image_839.jpg,seven of clubs
Image_840.jpg,nine of hearts
Image_841.jpg,ten of clubs
Image_842.jpg,three of clubs
Image_843.jpg,four of clubs
Image_844.jpg,three of hearts
Image_845.jpg,eight of clubs
Image_846.jpg,ace of spades
Image_847.jpg,two of clubs
Image_848.jpg,jack of clubs
Image_849.jpg,king of hearts
Image_850.jpg,king of diamonds
Image_851.jpg,jack of diamonds
Image_852.jpg,nine of diamonds
Image_853.jpg,queen of diamonds
Image_854.jpg,king of spades
Image_855.jpg,ace of spades
Image_856.jpg,ten of clubs
Image_857.jpg,ten of diamonds
Image_858.jpg,two of hearts
Image_859.jpg,queen of hearts
Image_860.jpg,five of clubs
Image_861.jpg,ten of spades
Image_862.jpg,six of spades
Image_863.jpg,two of hearts
Image_864.jpg,jack of diamonds
Image_865.jpg,six of diamonds
Image_866.jpg,six of hearts
Image_867.jpg,six of diamonds
Image_868.jpg,four of hearts
Image_869.jpg,nine of clubs
Image_870.jpg,eight of spades
Image_871.jpg,ace of diamonds
Image_872.jpg,four of clubs
Image_873.jpg,jack of spades
Image_874.jpg,jack of hearts
Image_875.jpg,three of hearts
Image_876.jpg,ace of diamonds
Image_877.jpg,queen of diamonds
Image_878.jpg,queen of spades
Image_879.jpg,five of diamonds
Image_880.jpg,ten of hearts
Image_881.jpg,seven of spades
Image_882.jpg,ten of spades
Image_883.jpg,king of spades
Image_884.jpg,queen of clubs
Image_885.jpg,joker
Image_886.jpg,ten of spades
Image_887.jpg,seven of hearts
Image_888.jpg,ten of diamonds
Image_889.jpg,six of spades
Image_890.jpg,six of spades
Image_891.jpg,ace of clubs
Image_892.jpg,seven of spades
Image_893.jpg,three of hearts
Image_894.jpg,ten of clubs
Image_895.jpg,queen of spades
Image_896.jpg,five of diamonds
Image_897.jpg,queen of clubs
Image_898.jpg,jack of spades
Image_899.jpg,nine of hearts
Image_900.jpg,ten of hearts
Image_901.jpg,king of clubs
Image_902.jpg,six of clubs
Image_903.jpg,ace of hearts
Image_904.jpg,queen of spades
Image_905.jpg,four of spades
Image_906.jpg,eight of clubs
Image_907.jpg,two of diamonds
Image_908.jpg,four of spades
Image_909.jpg,two of spades
Image_910.jpg,king of clubs
Image_911.jpg,four of hearts
Image_912.jpg,jack of diamonds
Image_913.jpg,three of clubs
Image_914.jpg,two of spades
Image_915.jpg,queen of diamonds
Image_916.jpg,king of spades
Image_917.jpg,six of clubs
Image_918.jpg,ten of clubs
Image_919.jpg,ten of spades
Image_920.jpg,queen of hearts
Image_921.jpg,five of diamonds
Image_922.jpg,nine of diamonds
Image_923.jpg,queen of spades
Image_924.jpg,king of hearts
Image_925.jpg,five of spades
Image_926.jpg,two of hearts
Image_927.jpg,seven of spades
Image_928.jpg,five of diamonds
Image_929.jpg,six of clubs
Image_930.jpg,four of diamonds
Image_931.jpg,jack of diamonds
Image_932.jpg,two of spades
Image_933.jpg,eight of spades
Image_934.jpg,king of diamonds
Image_935.jpg,king of clubs
Image_936.jpg,ace of spades
Image_937.jpg,four of clubs
Image_938.jpg,six of hearts
Image_939.jpg,six of hearts
Image_940.jpg,four of hearts
Image_941.jpg,jack of spades
Image_942.jpg,two of clubs
Image_943.jpg,two of spades
Image_944.jpg,six of diamonds
Image_945.jpg,jack of diamonds
Image_946.jpg,four of hearts
Image_947.jpg,four of spades
Image_948.jpg,king of clubs
Image_949.jpg,seven of clubs
Image_950.jpg,two of spades
Image_951.jpg,king of spades
Image_952.jpg,joker
Image_953.jpg,nine of diamonds
Image_954.jpg,nine of hearts
Image_955.jpg,king of hearts
Image_956.jpg,queen of hearts
Image_957.jpg,six of diamonds
Image_958.jpg,jack of spades
Image_959.jpg,ace of clubs
Image_960.jpg,ten of spades
Image_961.jpg,jack of clubs
Image_962.jpg,seven of spades
Image_963.jpg,jack of spades
Image_964.jpg,queen of spades
Image_965.jpg,eight of spades
Image_966.jpg,ten of spades
Image_967.jpg,two of diamonds
Image_968.jpg,two of hearts
Image_969.jpg,six of diamonds
Image_970.jpg,queen of clubs
Image_971.jpg,two of clubs
Image_972.jpg,ace of clubs
Image_973.jpg,two of spades
Image_974.jpg,king of clubs
Image_975.jpg,king of clubs
Image_976.jpg,ten of spades
Image_977.jpg,jack of hearts
Image_978.jpg,two of spades
Image_979.jpg,jack of clubs
Image_980.jpg,nine of spades
Image_981.jpg,three of hearts
Image_982.jpg,eight of clubs
Image_983.jpg,king of hearts
Image_984.jpg,eight of hearts
Image_985.jpg,queen of clubs
Image_986.jpg,ten of diamonds
Image_987.jpg,three of diamonds
Image_988.jpg,seven of hearts
Image_989.jpg,five of clubs
Image_990.jpg,two of hearts
Image_991.jpg,ten of spades
Image_992.jpg,nine of spades
Image_993.jpg,five of clubs
Image_994.jpg,three of hearts
Image_995.jpg,ten of clubs
Image_996.jpg,two of hearts
Image_997.jpg,three of clubs
Image_998.jpg,joker
Image_999.jpg,eight of diamonds
Image_1000.jpg,jack of clubs
Image_1001.jpg,two of clubs
Image_1002.jpg,jack of diamonds
Image_1003.jpg,jack of spades
Image_1004.jpg,six of hearts
Image_1005.jpg,queen of hearts
Image_1006.jpg,nine of hearts
Image_1007.jpg,nine of clubs
Image_1008.jpg,ace of spades
Image_1009.jpg,nine of spades
Image_1010.jpg,ten of hearts
Image_1011.jpg,five of clubs
Image_1012.jpg,two of hearts
Image_1013.jpg,queen of clubs
Image_1014.jpg,five of hearts
Image_1015.jpg,queen of clubs
Image_1016.jpg,six of spades
Image_1017.jpg,jack of hearts
Image_1018.jpg,three of diamonds
Image_1019.jpg,three of spades
Image_1020.jpg,joker
Image_1021.jpg,joker
Image_1022.jpg,six of spades
Image_1023.jpg,ace of clubs
Image_1024.jpg,three of spades
Image_1025.jpg,queen of clubs
Image_1026.jpg,ace of diamonds
Image_1027.jpg,ten of diamonds
Image_1028.jpg,two of clubs
Image_1029.jpg,two of hearts
Image_1030.jpg,eight of hearts
Image_1031.jpg,six of spades
Image_1032.jpg,queen of diamonds
Image_1033.jpg,eight of diamonds
Image_1034.jpg,queen of spades
Image_1035.jpg,jack of spades
Image_1036.jpg,six of spades
Image_1037.jpg,seven of hearts
Image_1038.jpg,jack of hearts
Image_1039.jpg,five of spades
Image_1040.jpg,king of clubs
Image_1041.jpg,six of spades
Image_1042.jpg,nine of spades
Image_1043.jpg,two of spades
Image_1044.jpg,queen of spades
Image_1045.jpg,king of clubs
Image_1046.jpg,ace of diamonds
Image_1047.jpg,queen of clubs
Image_1048.jpg,king of diamonds
Image_1049.jpg,ace of hearts
Image_1050.jpg,two of diamonds
Image_1051.jpg,jack of spades
Image_1052.jpg,ten of hearts
Image_1053.jpg,two of spades
Image_1054.jpg,eight of hearts
Image_1055.jpg,joker
Image_1056.jpg,jack of spades
Image_1057.jpg,six of diamonds
Image_1058.jpg,two of diamonds
Image_1059.jpg,king of hearts
Image_1060.jpg,ace of hearts
Image_1061.jpg,five of diamonds
Image_1062.jpg,six of spades
Image_1063.jpg,king of hearts
Image_1064.jpg,four of clubs
Image_1065.jpg,queen of spades
Image_1066.jpg,nine of spades
Image_1067.jpg,joker
Image_1068.jpg,ace of diamonds
Image_1069.jpg,two of spades
Image_1070.jpg,ten of diamonds
Image_1071.jpg,eight of spades
Image_1072.jpg,queen of hearts
Image_1073.jpg,queen of clubs
Image_1074.jpg,king of clubs
Image_1075.jpg,six of spades
Image_1076.jpg,king of clubs
Image_1077.jpg,three of diamonds
Image_1078.jpg,ace of spades
Image_1079.jpg,seven of diamonds
Image_1080.jpg,seven of diamonds
Image_1081.jpg,seven of clubs
Image_1082.jpg,queen of hearts
Image_1083.jpg,six of diamonds
Image_1084.jpg,seven of spades
Image_1085.jpg,four of hearts
Image_1086.jpg,queen of spades
Image_1087.jpg,ten of spades
Image_1088.jpg,five of hearts
Image_1089.jpg,nine of diamonds
Image_1090.jpg,ace of spades
Image_1091.jpg,jack of spades
Image_1092.jpg,jack of diamonds
Image_1093.jpg,four of clubs
Image_1094.jpg,five of clubs
Image_1095.jpg,king of spades
Image_1096.jpg,ten of diamonds
Image_1097.jpg,four of diamonds
Image_1098.jpg,eight of hearts
Image_1099.jpg,queen of spades
Image_1100.jpg,jack of diamonds
Image_1101.jpg,three of spades
Image_1102.jpg,ace of clubs
Image_1103.jpg,two of hearts
Image_1104.jpg,king of clubs
Image_1105.jpg,ace of diamonds
Image_1106.jpg,nine of hearts
Image_1107.jpg,ten of hearts
Image_1108.jpg,six of clubs
Image_1109.jpg,seven of hearts
Image_1110.jpg,seven of spades
Image_1111.jpg,jack of spades
Image_1112.jpg,ten of hearts
Image_1113.jpg,six of diamonds
Image_1114.jpg,ten of diamonds
Image_1115.jpg,seven of hearts
Image_1116.jpg,six of diamonds
Image_1117.jpg,nine of clubs
Image_1118.jpg,jack of diamonds
Image_1119.jpg,ace of diamonds
Image_1120.jpg,six of clubs
Image_1121.jpg,two of clubs
Image_1122.jpg,joker
Image_1123.jpg,two of clubs
Image_1124.jpg,three of diamonds
Image_1125.jpg,queen of spades
Image_1126.jpg,ten of hearts
Image_1127.jpg,nine of spades
Image_1128.jpg,ace of hearts
Image_1129.jpg,three of clubs
Image_1130.jpg,three of clubs
Image_1131.jpg,six of spades
Image_1132.jpg,three of clubs
Image_1133.jpg,five of spades
Image_1134.jpg,four of hearts
Image_1135.jpg,queen of hearts
Image_1136.jpg,queen of clubs
Image_1137.jpg,ten of spades
Image_1138.jpg,two of diamonds
Image_1139.jpg,nine of spades
Image_1140.jpg,seven of diamonds
Image_1141.jpg,seven of clubs
Image_1142.jpg,seven of diamonds
Image_1143.jpg,jack of diamonds
Image_1144.jpg,eight of diamonds
Image_1145.jpg,two of spades
Image_1146.jpg,queen of clubs
Image_1147.jpg,jack of diamonds
Image_1148.jpg,jack of hearts
Image_1149.jpg,six of clubs
Image_1150.jpg,ace of clubs
Image_1151.jpg,king of hearts
Image_1152.jpg,ten of spades
Image_1153.jpg,ten of spades
Image_1154.jpg,jack of diamonds
Image_1155.jpg,two of clubs
Image_1156.jpg,king of clubs
Image_1157.jpg,five of spades
Image_1158.jpg,five of spades
Image_1159.jpg,queen of diamonds
Image_1160.jpg,jack of hearts
Image_1161.jpg,two of spades
Image_1162.jpg,eight of diamonds
Image_1163.jpg,king of clubs
Image_1164.jpg,ace of clubs
Image_1165.jpg,seven of hearts
Image_1166.jpg,seven of spades
Image_1167.jpg,ace of hearts
Image_1168.jpg,ten of diamonds
Image_1169.jpg,two of spades
Image_1170.jpg,four of diamonds
Image_1171.jpg,four of diamonds
Image_1172.jpg,eight of diamonds
Image_1173.jpg,nine of hearts
Image_1174.jpg,eight of hearts
Image_1175.jpg,ace of diamonds
Image_1176.jpg,queen of diamonds
Image_1177.jpg,ace of spades
Image_1178.jpg,five of diamonds
Image_1179.jpg,nine of spades
Image_1180.jpg,eight of diamonds
Image_1181.jpg,queen of diamonds
Image_1182.jpg,five of clubs
Image_1183.jpg,ten of spades
Image_1184.jpg,six of spades
Image_1185.jpg,three of clubs
Image_1186.jpg,six of hearts
Image_1187.jpg,ten of clubs
Image_1188.jpg,king of spades
Image_1189.jpg,ten of hearts
Image_1190.jpg,ten of spades
Image_1191.jpg,two of hearts
Image_1192.jpg,five of spades
Image_1193.jpg,jack of diamonds
Image_1194.jpg,ten of hearts
Image_1195.jpg,six of spades
Image_1196.jpg,eight of hearts
Image_1197.jpg,joker
Image_1198.jpg,six of hearts
Image_1199.jpg,six of spades
Image_1200.jpg,nine of spades
Image_1201.jpg,five of hearts
Image_1202.jpg,six of diamonds
Image_1203.jpg,jack of clubs
Image_1204.jpg,three of hearts
Image_1205.jpg,jack of clubs
Image_1206.jpg,seven of diamonds
Image_1207.jpg,two of spades
Image_1208.jpg,king of clubs
Image_1209.jpg,nine of diamonds
Image_1210.jpg,ten of hearts
Image_1211.jpg,two of spades
Image_1212.jpg,nine of spades
Image_1213.jpg,queen of clubs
Image_1214.jpg,eight of clubs
Image_1215.jpg,ten of spades
Image_1216.jpg,jack of clubs
Image_1217.jpg,nine of spades
Image_1218.jpg,nine of hearts
Image_1219.jpg,five of hearts
Image_1220.jpg,ten of hearts
Image_1221.jpg,king of clubs
Image_1222.jpg,three of diamonds
Image_1223.jpg,two of hearts
Image_1224.jpg,joker
Image_1225.jpg,two of diamonds
Image_1226.jpg,ten of hearts
Image_1227.jpg,two of hearts
Image_1228.jpg,six of clubs
Image_1229.jpg,two of clubs
Image_1230.jpg,ten of diamonds
Image_1231.jpg,jack of hearts
Image_1232.jpg,two of hearts
Image_1233.jpg,six of hearts
Image_1234.jpg,king of hearts
Image_1235.jpg,nine of diamonds
Image_1236.jpg,ace of clubs
Image_1237.jpg,five of hearts
Image_1238.jpg,queen of spades
Image_1239.jpg,eight of clubs
Image_1240.jpg,three of clubs
Image_1241.jpg,six of hearts
Image_1242.jpg,king of spades
Image_1243.jpg,jack of diamonds
Image_1244.jpg,three of diamonds
Image_1245.jpg,jack of diamonds
Image_1246.jpg,joker
Image_1247.jpg,two of diamonds
Image_1248.jpg,queen of hearts
Image_1249.jpg,nine of spades
Image_1250.jpg,queen of diamonds
Image_1251.jpg,three of diamonds
Image_1252.jpg,eight of hearts
Image_1253.jpg,six of clubs
Image_1254.jpg,ace of diamonds
Image_1255.jpg,king of spades
Image_1256.jpg,nine of clubs
Image_1257.jpg,five of spades
Image_1258.jpg,four of hearts
Image_1259.jpg,jack of clubs
Image_1260.jpg,jack of clubs
Image_1261.jpg,ten of hearts
Image_1262.jpg,four of clubs
Image_1263.jpg,jack of spades
Image_1264.jpg,four of spades
Image_1265.jpg,ace of hearts
Image_1266.jpg,ten of hearts
Image_1267.jpg,three of clubs
Image_1268.jpg,six of diamonds
Image_1269.jpg,seven of diamonds
Image_1270.jpg,five of diamonds
Image_1271.jpg,ten of spades
Image_1272.jpg,two of spades
Image_1273.jpg,three of clubs
Image_1274.jpg,five of hearts
Image_1275.jpg,jack of spades
Image_1276.jpg,five of clubs
Image_1277.jpg,jack of diamonds
Image_1278.jpg,three of diamonds
Image_1279.jpg,jack of clubs
Image_1280.jpg,nine of hearts
Image_1281.jpg,jack of hearts
Image_1282.jpg,six of clubs
Image_1283.jpg,queen of clubs
Image_1284.jpg,five of clubs
Image_1285.jpg,jack of spades
Image_1286.jpg,two of hearts
Image_1287.jpg,six of clubs
Image_1288.jpg,jack of spades
Image_1289.jpg,king of hearts
Image_1290.jpg,seven of spades
Image_1291.jpg,queen of diamonds
Image_1292.jpg,nine of hearts
Image_1293.jpg,king of spades
Image_1294.jpg,jack of hearts
Image_1295.jpg,queen of hearts
Image_1296.jpg,seven of diamonds
Image_1297.jpg,king of spades
Image_1298.jpg,ace of clubs
Image_1299.jpg,six of clubs
Image_1300.jpg,two of clubs
Image_1301.jpg,two of diamonds
Image_1302.jpg,eight of clubs
Image_1303.jpg,jack of spades
Image_1304.jpg,eight of hearts
Image_1305.jpg,seven of diamonds
Image_1306.jpg,five of diamonds
Image_1307.jpg,three of clubs
Image_1308.jpg,queen of diamonds
Image_1309.jpg,king of clubs
Image_1310.jpg,nine of clubs
Image_1311.jpg,queen of clubs
Image_1312.jpg,queen of spades
Image_1313.jpg,queen of spades
Image_1314.jpg,four of clubs
Image_1315.jpg,jack of diamonds
Image_1316.jpg,three of clubs
Image_1317.jpg,king of spades
Image_1318.jpg,two of hearts
Image_1319.jpg,jack of spades
Image_1320.jpg,seven of hearts
Image_1321.jpg,jack of clubs
Image_1322.jpg,queen of clubs
Image_1323.jpg,two of spades
Image_1324.jpg,nine of clubs
Image_1325.jpg,queen of clubs
Image_1326.jpg,king of hearts
Image_1327.jpg,two of spades
Image_1328.jpg,four of clubs
Image_1329.jpg,two of spades
Image_1330.jpg,jack of spades
Image_1331.jpg,eight of spades
Image_1332.jpg,five of hearts
Image_1333.jpg,ten of clubs
Image_1334.jpg,jack of spades
Image_1335.jpg,seven of spades
Image_1336.jpg,jack of spades
Image_1337.jpg,three of spades
Image_1338.jpg,two of hearts
Image_1339.jpg,jack of diamonds
Image_1340.jpg,six of diamonds
Image_1341.jpg,ace of clubs
Image_1342.jpg,six of hearts
Image_1343.jpg,ace of clubs
Image_1344.jpg,joker
Image_1345.jpg,two of diamonds
Image_1346.jpg,queen of clubs
Image_1347.jpg,seven of hearts
Image_1348.jpg,five of hearts
Image_1349.jpg,three of clubs
Image_1350.jpg,two of hearts
Image_1351.jpg,seven of hearts
Image_1352.jpg,four of diamonds
Image_1353.jpg,joker
Image_1354.jpg,nine of diamonds
Image_1355.jpg,six of hearts
Image_1356.jpg,six of diamonds
Image_1357.jpg,two of clubs
Image_1358.jpg,two of diamonds
Image_1359.jpg,five of clubs
Image_1360.jpg,jack of diamonds
Image_1361.jpg,three of diamonds
Image_1362.jpg,jack of spades
Image_1363.jpg,ten of spades
Image_1364.jpg,ten of hearts
Image_1365.jpg,queen of spades
Image_1366.jpg,nine of clubs
Image_1367.jpg,six of clubs
Image_1368.jpg,six of spades
Image_1369.jpg,two of clubs
Image_1370.jpg,six of diamonds
Image_1371.jpg,four of hearts
Image_1372.jpg,jack of diamonds
Image_1373.jpg,ten of diamonds
Image_1374.jpg,king of clubs
Image_1375.jpg,jack of spades
Image_1376.jpg,seven of spades
Image_1377.jpg,four of spades
Image_1378.jpg,queen of hearts
Image_1379.jpg,ten of clubs
Image_1380.jpg,ace of diamonds
Image_1381.jpg,joker
Image_1382.jpg,three of hearts
Image_1383.jpg,seven of spades
Image_1384.jpg,ten of hearts
Image_1385.jpg,queen of clubs
Image_1386.jpg,queen of spades
Image_1387.jpg,eight of hearts
Image_1388.jpg,queen of clubs
Image_1389.jpg,joker
Image_1390.jpg,four of clubs
Image_1391.jpg,five of spades
Image_1392.jpg,jack of diamonds
Image_1393.jpg,queen of clubs
Image_1394.jpg,three of hearts
Image_1395.jpg,four of hearts
Image_1396.jpg,five of hearts
Image_1397.jpg,queen of clubs
Image_1398.jpg,eight of diamonds
Image_1399.jpg,two of diamonds
Image_1400.jpg,king of clubs
Image_1401.jpg,ace of spades
Image_1402.jpg,ten of spades
Image_1403.jpg,five of clubs
Image_1404.jpg,seven of spades
Image_1405.jpg,king of spades
Image_1406.jpg,seven of hearts
Image_1407.jpg,eight of spades
Image_1408.jpg,ace of clubs
Image_1409.jpg,six of diamonds
Image_1410.jpg,jack of clubs
Image_1411.jpg,jack of diamonds
Image_1412.jpg,three of diamonds
Image_1413.jpg,jack of diamonds
Image_1414.jpg,seven of spades
Image_1415.jpg,six of diamonds
Image_1416.jpg,eight of diamonds
Image_1417.jpg,three of spades
Image_1418.jpg,two of spades
Image_1419.jpg,three of diamonds
Image_1420.jpg,nine of spades
Image_1421.jpg,jack of spades
Image_1422.jpg,six of hearts
Image_1423.jpg,nine of diamonds
Image_1424.jpg,seven of hearts
Image_1425.jpg,four of clubs
Image_1426.jpg,six of hearts
Image_1427.jpg,three of hearts
Image_1428.jpg,jack of hearts
Image_1429.jpg,king of spades
Image_1430.jpg,nine of spades
Image_1431.jpg,nine of spades
Image_1432.jpg,four of diamonds
Image_1433.jpg,four of diamonds
Image_1434.jpg,king of hearts
Image_1435.jpg,three of spades
Image_1436.jpg,jack of clubs
Image_1437.jpg,jack of diamonds
Image_1438.jpg,four of clubs
Image_1439.jpg,seven of spades
Image_1440.jpg,three of spades
Image_1441.jpg,ten of clubs
Image_1442.jpg,ten of diamonds
Image_1443.jpg,five of clubs
Image_1444.jpg,queen of diamonds
Image_1445.jpg,two of hearts
Image_1446.jpg,four of clubs
Image_1447.jpg,jack of clubs
Image_1448.jpg,nine of diamonds
Image_1449.jpg,nine of diamonds
Image_1450.jpg,queen of spades
Image_1451.jpg,ace of hearts
Image_1452.jpg,jack of hearts
Image_1453.jpg,six of clubs
Image_1454.jpg,seven of hearts
Image_1455.jpg,nine of spades
Image_1456.jpg,seven of diamonds
Image_1457.jpg,jack of hearts
Image_1458.jpg,joker
Image_1459.jpg,ace of clubs
Image_1460.jpg,five of diamonds
Image_1461.jpg,five of hearts
Image_1462.jpg,joker
Image_1463.jpg,seven of spades
Image_1464.jpg,ten of hearts
Image_1465.jpg,two of diamonds
Image_1466.jpg,nine of hearts
Image_1467.jpg,ten of spades
Image_1468.jpg,king of diamonds
Image_1469.jpg,queen of hearts
Image_1470.jpg,jack of diamonds
Image_1471.jpg,four of clubs
Image_1472.jpg,two of spades
Image_1473.jpg,four of diamonds
Image_1474.jpg,eight of hearts
Image_1475.jpg,ten of hearts
Image_1476.jpg,ten of diamonds
Image_1477.jpg,jack of hearts
Image_1478.jpg,nine of diamonds
Image_1479.jpg,ace of clubs
Image_1480.jpg,seven of spades
Image_1481.jpg,nine of hearts
Image_1482.jpg,queen of clubs
Image_1483.jpg,ace of clubs
Image_1484.jpg,five of spades
Image_1485.jpg,six of clubs
Image_1486.jpg,three of hearts
Image_1487.jpg,three of hearts
Image_1488.jpg,seven of diamonds
Image_1489.jpg,jack of spades
Image_1490.jpg,king of spades
Image_1491.jpg,king of diamonds
Image_1492.jpg,eight of hearts
Image_1493.jpg,nine of clubs
Image_1494.jpg,nine of diamonds
Image_1495.jpg,ten of spades
Image_1496.jpg,jack of hearts
Image_1497.jpg,king of diamonds
Image_1498.jpg,two of hearts
Image_1499.jpg,four of spades
Image_1500.jpg,two of spades
Image_1501.jpg,queen of clubs
Image_1502.jpg,eight of clubs
Image_1503.jpg,six of diamonds
Image_1504.jpg,seven of diamonds
Image_1505.jpg,eight of clubs
Image_1506.jpg,queen of clubs
Image_1507.jpg,six of clubs
Image_1508.jpg,queen of clubs
Image_1509.jpg,six of clubs
Image_1510.jpg,three of clubs
Image_1511.jpg,jack of spades
Image_1512.jpg,nine of spades
Image_1513.jpg,six of spades
Image_1514.jpg,five of hearts
Image_1515.jpg,ace of hearts
Image_1516.jpg,four of clubs
Image_1517.jpg,four of hearts
Image_1518.jpg,five of spades
Image_1519.jpg,six of clubs
Image_1520.jpg,king of hearts
Image_1521.jpg,six of clubs
Image_1522.jpg,king of spades
Image_1523.jpg,eight of hearts
Image_1524.jpg,three of clubs
Image_1525.jpg,ten of clubs
Image_1526.jpg,five of clubs
Image_1527.jpg,queen of clubs
Image_1528.jpg,eight of diamonds
Image_1529.jpg,queen of diamonds
Image_1530.jpg,joker
Image_1531.jpg,seven of diamonds
Image_1532.jpg,joker
Image_1533.jpg,queen of spades
Image_1534.jpg,ten of hearts
Image_1535.jpg,joker
Image_1536.jpg,ten of clubs
Image_1537.jpg,three of clubs
Image_1538.jpg,five of clubs
Image_1539.jpg,seven of spades
Image_1540.jpg,queen of diamonds
Image_1541.jpg,seven of hearts
Image_1542.jpg,seven of clubs
Image_1543.jpg,two of diamonds
Image_1544.jpg,four of hearts
Image_1545.jpg,king of clubs
Image_1546.jpg,king of clubs
Image_1547.jpg,five of hearts
Image_1548.jpg,nine of spades
Image_1549.jpg,jack of diamonds
Image_1550.jpg,queen of diamonds
Image_1551.jpg,king of spades
Image_1552.jpg,seven of spades
Image_1553.jpg,seven of spades
Image_1554.jpg,five of clubs
Image_1555.jpg,five of diamonds
Image_1556.jpg,four of clubs
Image_1557.jpg,five of hearts
Image_1558.jpg,queen of hearts
Image_1559.jpg,five of spades
Image_1560.jpg,jack of clubs
Image_1561.jpg,nine of hearts
Image_1562.jpg,five of spades
Image_1563.jpg,king of hearts
Image_1564.jpg,jack of hearts
Image_1565.jpg,king of clubs
Image_1566.jpg,queen of diamonds
Image_1567.jpg,joker
Image_1568.jpg,six of spades
Image_1569.jpg,queen of spades
Image_1570.jpg,five of spades
Image_1571.jpg,six of spades
Image_1572.jpg,two of spades
Image_1573.jpg,five of spades
Image_1574.jpg,jack of diamonds
Image_1575.jpg,ace of hearts
Image_1576.jpg,six of diamonds
Image_1577.jpg,ten of hearts
Image_1578.jpg,three of diamonds
Image_1579.jpg,three of spades
Image_1580.jpg,ten of clubs
Image_1581.jpg,nine of spades
Image_1582.jpg,jack of spades
Image_1583.jpg,six of hearts
Image_1584.jpg,queen of spades
Image_1585.jpg,nine of diamonds
Image_1586.jpg,eight of hearts
Image_1587.jpg,king of hearts
Image_1588.jpg,joker
Image_1589.jpg,ace of clubs
Image_1590.jpg,six of clubs
Image_1591.jpg,five of hearts
Image_1592.jpg,nine of hearts
Image_1593.jpg,four of clubs
Image_1594.jpg,two of diamonds
Image_1595.jpg,eight of spades
Image_1596.jpg,ace of spades
Image_1597.jpg,queen of diamonds
Image_1598.jpg,four of hearts
Image_1599.jpg,two of spades
Image_1600.jpg,three of diamonds
Image_1601.jpg,queen of diamonds
Image_1602.jpg,seven of spades
Image_1603.jpg,six of clubs
Image_1604.jpg,four of clubs
Image_1605.jpg,ten of clubs
Image_1606.jpg,two of spades
Image_1607.jpg,two of clubs
Image_1608.jpg,eight of hearts
Image_1609.jpg,seven of diamonds
Image_1610.jpg,ten of hearts
Image_1611.jpg,nine of clubs
Image_1612.jpg,ace of clubs
Image_1613.jpg,two of diamonds
Image_1614.jpg,eight of hearts
Image_1615.jpg,six of spades
Image_1616.jpg,queen of diamonds
Image_1617.jpg,queen of diamonds
Image_1618.jpg,eight of clubs
Image_1619.jpg,king of diamonds
Image_1620.jpg,queen of spades
Image_1621.jpg,four of diamonds
Image_1622.jpg,ten of diamonds
Image_1623.jpg,five of clubs
Image_1624.jpg,seven of diamonds
Image_1625.jpg,seven of diamonds
Image_1626.jpg,eight of spades
Image_1627.jpg,five of diamonds
Image_1628.jpg,three of clubs
Image_1629.jpg,two of diamonds
Image_1630.jpg,six of diamonds
Image_1631.jpg,eight of hearts
Image_1632.jpg,four of diamonds
Image_1633.jpg,two of clubs
Image_1634.jpg,seven of hearts
Image_1635.jpg,six of diamonds
Image_1636.jpg,six of spades
Image_1637.jpg,jack of clubs
Image_1638.jpg,six of clubs
Image_1639.jpg,five of clubs
Image_1640.jpg,jack of spades
Image_1641.jpg,two of spades
Image_1642.jpg,nine of hearts
Image_1643.jpg,ace of clubs
Image_1644.jpg,king of spades
Image_1645.jpg,seven of clubs
Image_1646.jpg,queen of clubs
Image_1647.jpg,ace of diamonds
Image_1648.jpg,ten of clubs
Image_1649.jpg,king of diamonds
Image_1650.jpg,ten of hearts
Image_1651.jpg,five of spades
Image_1652.jpg,queen of hearts
Image_1653.jpg,nine of clubs
Image_1654.jpg,two of spades
Image_1655.jpg,queen of spades
Image_1656.jpg,ten of hearts
Image_1657.jpg,four of spades
Image_1658.jpg,ten of spades
Image_1659.jpg,seven of diamonds
Image_1660.jpg,three of diamonds
Image_1661.jpg,jack of hearts
Image_1662.jpg,queen of hearts
Image_1663.jpg,eight of diamonds
Image_1664.jpg,six of clubs
Image_1665.jpg,four of clubs
Image_1666.jpg,nine of clubs
Image_1667.jpg,jack of diamonds
Image_1668.jpg,six of diamonds
Image_1669.jpg,ten of hearts
Image_1670.jpg,seven of clubs
Image_1671.jpg,nine of diamonds
Image_1672.jpg,jack of spades
Image_1673.jpg,seven of spades
Image_1674.jpg,queen of spades
Image_1675.jpg,four of diamonds
Image_1676.jpg,ten of diamonds
Image_1677.jpg,ten of clubs
Image_1678.jpg,two of spades
Image_1679.jpg,ace of clubs
Image_1680.jpg,joker
Image_1681.jpg,ten of hearts
Image_1682.jpg,six of diamonds
Image_1683.jpg,three of diamonds
Image_1684.jpg,eight of hearts
Image_1685.jpg,jack of diamonds
Image_1686.jpg,ace of clubs
Image_1687.jpg,queen of clubs
Image_1688.jpg,king of clubs
Image_1689.jpg,jack of hearts
Image_1690.jpg,two of hearts
Image_1691.jpg,ace of spades
Image_1692.jpg,six of clubs
Image_1693.jpg,five of hearts
Image_1694.jpg,ten of hearts
Image_1695.jpg,two of spades
Image_1696.jpg,ace of clubs
Image_1697.jpg,queen of spades
Image_1698.jpg,four of spades
Image_1699.jpg,seven of clubs
Image_1700.jpg,king of spades
Image_1701.jpg,ace of spades
Image_1702.jpg,seven of hearts
Image_1703.jpg,queen of hearts
Image_1704.jpg,king of hearts
Image_1705.jpg,four of clubs
Image_1706.jpg,king of clubs
Image_1707.jpg,six of diamonds
Image_1708.jpg,six of spades
Image_1709.jpg,four of clubs
Image_1710.jpg,eight of diamonds
Image_1711.jpg,four of hearts
Image_1712.jpg,four of diamonds
Image_1713.jpg,jack of diamonds
Image_1714.jpg,ace of diamonds
Image_1715.jpg,queen of clubs
Image_1716.jpg,six of clubs
Image_1717.jpg,nine of diamonds
Image_1718.jpg,two of diamonds
Image_1719.jpg,king of spades
Image_1720.jpg,jack of clubs
Image_1721.jpg,jack of clubs
Image_1722.jpg,queen of spades
Image_1723.jpg,ten of clubs
Image_1724.jpg,jack of spades
Image_1725.jpg,queen of hearts
Image_1726.jpg,five of diamonds
Image_1727.jpg,seven of hearts
Image_1728.jpg,nine of clubs
Image_1729.jpg,ace of spades
Image_1730.jpg,three of diamonds
Image_1731.jpg,four of spades
Image_1732.jpg,two of clubs
Image_1733.jpg,jack of spades
Image_1734.jpg,jack of spades
Image_1735.jpg,king of spades
Image_1736.jpg,eight of clubs
Image_1737.jpg,two of hearts
Image_1738.jpg,three of hearts
Image_1739.jpg,jack of hearts
Image_1740.jpg,four of clubs
Image_1741.jpg,six of hearts
Image_1742.jpg,four of spades
Image_1743.jpg,queen of clubs
Image_1744.jpg,nine of hearts
Image_1745.jpg,six of clubs
Image_1746.jpg,jack of diamonds
Image_1747.jpg,three of diamonds
Image_1748.jpg,ace of clubs
Image_1749.jpg,five of spades
Image_1750.jpg,jack of diamonds
Image_1751.jpg,ace of hearts
Image_1752.jpg,ten of hearts
Image_1753.jpg,ten of hearts
Image_1754.jpg,ace of hearts
Image_1755.jpg,eight of diamonds
Image_1756.jpg,queen of diamonds
Image_1757.jpg,three of clubs
Image_1758.jpg,ten of clubs
Image_1759.jpg,four of clubs
Image_1760.jpg,ace of clubs
Image_1761.jpg,jack of clubs
Image_1762.jpg,three of spades
Image_1763.jpg,jack of hearts
Image_1764.jpg,eight of clubs
Image_1765.jpg,seven of spades
Image_1766.jpg,eight of clubs
Image_1767.jpg,ace of diamonds
Image_1768.jpg,six of diamonds
Image_1769.jpg,two of spades
Image_1770.jpg,six of spades
Image_1771.jpg,jack of spades
Image_1772.jpg,five of diamonds
Image_1773.jpg,six of hearts
Image_1774.jpg,two of clubs
Image_1775.jpg,three of clubs
Image_1776.jpg,six of clubs
Image_1777.jpg,ten of spades
Image_1778.jpg,ten of diamonds
Image_1779.jpg,five of spades
Image_1780.jpg,eight of diamonds
Image_1781.jpg,nine of diamonds
Image_1782.jpg,nine of diamonds
Image_1783.jpg,ten of spades
Image_1784.jpg,ace of clubs
Image_1785.jpg,seven of hearts
Image_1786.jpg,seven of hearts
Image_1787.jpg,joker
Image_1788.jpg,nine of clubs
Image_1789.jpg,ten of hearts
Image_1790.jpg,nine of diamonds
Image_1791.jpg,eight of spades
Image_1792.jpg,six of diamonds
Image_1793.jpg,eight of clubs
Image_1794.jpg,ten of diamonds
Image_1795.jpg,nine of hearts
Image_1796.jpg,ten of clubs
Image_1797.jpg,jack of hearts
Image_1798.jpg,king of hearts
Image_1799.jpg,eight of hearts
Image_1800.jpg,nine of hearts
Image_1801.jpg,ace of diamonds
Image_1802.jpg,two of spades
Image_1803.jpg,eight of spades
Image_1804.jpg,jack of diamonds
Image_1805.jpg,two of clubs
Image_1806.jpg,four of clubs
Image_1807.jpg,two of clubs
Image_1808.jpg,jack of clubs
Image_1809.jpg,jack of diamonds
Image_1810.jpg,king of spades
Image_1811.jpg,jack of spades
Image_1812.jpg,six of diamonds
Image_1813.jpg,six of hearts
Image_1814.jpg,king of hearts
Image_1815.jpg,four of clubs
Image_1816.jpg,four of clubs
Image_1817.jpg,seven of spades
Image_1818.jpg,nine of hearts
Image_1819.jpg,king of clubs
Image_1820.jpg,seven of diamonds
Image_1821.jpg,queen of diamonds
Image_1822.jpg,four of spades
Image_1823.jpg,three of clubs
Image_1824.jpg,nine of hearts
Image_1825.jpg,jack of spades
Image_1826.jpg,ace of clubs
Image_1827.jpg,ace of hearts
Image_1828.jpg,ten of clubs
Image_1829.jpg,four of clubs
Image_1830.jpg,queen of diamonds
Image_1831.jpg,six of clubs
Image_1832.jpg,jack of clubs
Image_1833.jpg,two of hearts
Image_1834.jpg,seven of spades
Image_1835.jpg,six of diamonds
Image_1836.jpg,seven of spades
Image_1837.jpg,four of clubs
Image_1838.jpg,two of spades
Image_1839.jpg,three of clubs
Image_1840.jpg,two of hearts
Image_1841.jpg,joker
Image_1842.jpg,eight of hearts
Image_1843.jpg,two of hearts
Image_1844.jpg,two of clubs
Image_1845.jpg,king of diamonds
Image_1846.jpg,queen of hearts
Image_1847.jpg,seven of hearts
Image_1848.jpg,jack of clubs
Image_1849.jpg,six of spades
Image_1850.jpg,king of spades
Image_1851.jpg,king of spades
Image_1852.jpg,three of spades
Image_1853.jpg,jack of clubs
Image_1854.jpg,king of spades
Image_1855.jpg,seven of spades
Image_1856.jpg,joker
Image_1857.jpg,four of hearts
Image_1858.jpg,six of hearts
Image_1859.jpg,ten of spades
Image_1860.jpg,queen of diamonds
Image_1861.jpg,ten of clubs
Image_1862.jpg,jack of hearts
Image_1863.jpg,eight of diamonds
Image_1864.jpg,four of spades
Image_1865.jpg,queen of diamonds
Image_1866.jpg,four of spades
Image_1867.jpg,eight of diamonds
Image_1868.jpg,two of spades
Image_1869.jpg,king of clubs
Image_1870.jpg,three of diamonds
Image_1871.jpg,jack of spades
Image_1872.jpg,nine of spades
Image_1873.jpg,six of diamonds
Image_1874.jpg,ten of clubs
Image_1875.jpg,jack of diamonds
Image_1876.jpg,jack of diamonds
Image_1877.jpg,jack of spades
Image_1878.jpg,ten of clubs
Image_1879.jpg,seven of clubs
Image_1880.jpg,ten of hearts
Image_1881.jpg,nine of spades
Image_1882.jpg,king of clubs
Image_1883.jpg,ace of spades
Image_1884.jpg,ten of diamonds
Image_1885.jpg,jack of hearts
Image_1886.jpg,ten of hearts
Image_1887.jpg,ten of spades
Image_1888.jpg,ace of diamonds
Image_1889.jpg,eight of hearts
Image_1890.jpg,nine of clubs
Image_1891.jpg,seven of hearts
Image_1892.jpg,ace of clubs
Image_1893.jpg,four of clubs
Image_1894.jpg,four of clubs
Image_1895.jpg,three of clubs
Image_1896.jpg,five of spades
Image_1897.jpg,four of spades
Image_1898.jpg,king of hearts
Image_1899.jpg,ten of clubs
Image_1900.jpg,jack of spades
Image_1901.jpg,two of diamonds
Image_1902.jpg,two of spades
Image_1903.jpg,ten of hearts
Image_1904.jpg,king of clubs
Image_1905.jpg,joker
Image_1906.jpg,jack of spades
Image_1907.jpg,queen of hearts
Image_1908.jpg,seven of diamonds
Image_1909.jpg,jack of diamonds
Image_1910.jpg,seven of diamonds
Image_1911.jpg,queen of diamonds
Image_1912.jpg,five of spades
Image_1913.jpg,ace of clubs
Image_1914.jpg,eight of diamonds
Image_1915.jpg,nine of clubs
Image_1916.jpg,ace of hearts
Image_1917.jpg,jack of clubs
Image_1918.jpg,ten of clubs
Image_1919.jpg,eight of clubs
Image_1920.jpg,seven of hearts
Image_1921.jpg,joker
Image_1922.jpg,jack of spades
Image_1923.jpg,two of clubs
Image_1924.jpg,eight of diamonds
Image_1925.jpg,three of clubs
Image_1926.jpg,nine of diamonds
Image_1927.jpg,jack of diamonds
Image_1928.jpg,eight of diamonds
Image_1929.jpg,queen of diamonds
Image_1930.jpg,jack of diamonds
Image_1931.jpg,five of diamonds
Image_1932.jpg,five of diamonds
Image_1933.jpg,three of diamonds
Image_1934.jpg,six of diamonds
Image_1935.jpg,six of diamonds
Image_1936.jpg,ace of diamonds
Image_1937.jpg,queen of hearts
Image_1938.jpg,ace of hearts
Image_1939.jpg,joker
Image_1940.jpg,king of hearts
Image_1941.jpg,jack of spades
Image_1942.jpg,nine of spades
Image_1943.jpg,three of diamonds
Image_1944.jpg,queen of hearts
Image_1945.jpg,ten of hearts
Image_1946.jpg,two of clubs
Image_1947.jpg,three of clubs
Image_1948.jpg,seven of clubs
Image_1949.jpg,six of spades
Image_1950.jpg,three of spades
Image_1951.jpg,ten of hearts
Image_1952.jpg,eight of clubs
Image_1953.jpg,two of hearts
Image_1954.jpg,nine of spades
Image_1955.jpg,seven of spades
Image_1956.jpg,ten of spades
Image_1957.jpg,seven of diamonds
Image_1958.jpg,two of diamonds
Image_1959.jpg,ten of spades
Image_1960.jpg,king of diamonds
Image_1961.jpg,ten of diamonds
Image_1962.jpg,king of hearts
Image_1963.jpg,four of hearts
Image_1964.jpg,nine of hearts
Image_1965.jpg,five of clubs
Image_1966.jpg,two of diamonds
Image_1967.jpg,ace of clubs
Image_1968.jpg,eight of diamonds
Image_1969.jpg,four of diamonds
Image_1970.jpg,four of spades
Image_1971.jpg,six of diamonds
Image_1972.jpg,ace of clubs
Image_1973.jpg,jack of hearts
Image_1974.jpg,seven of diamonds
Image_1975.jpg,three of diamonds
Image_1976.jpg,four of clubs
Image_1977.jpg,jack of hearts
Image_1978.jpg,four of spades
Image_1979.jpg,seven of spades
Image_1980.jpg,six of diamonds
Image_1981.jpg,ten of spades
Image_1982.jpg,five of spades
Image_1983.jpg,five of diamonds
Image_1984.jpg,ten of hearts
Image_1985.jpg,five of clubs
Image_1986.jpg,two of hearts
Image_1987.jpg,ten of hearts
Image_1988.jpg,six of clubs
Image_1989.jpg,jack of hearts
Image_1990.jpg,king of diamonds
Image_1991.jpg,two of diamonds
Image_1992.jpg,two of spades
Image_1993.jpg,four of diamonds
Image_1994.jpg,ten of spades
Image_1995.jpg,three of clubs
Image_1996.jpg,king of clubs
Image_1997.jpg,five of clubs
Image_1998.jpg,five of hearts
Image_1999.jpg,jack of spades
Image_2000.jpg,three of spades
Image_2001.jpg,nine of clubs
Image_2002.jpg,ace of clubs
Image_2003.jpg,nine of clubs
Image_2004.jpg,ten of diamonds
Image_2005.jpg,ace of hearts
Image_2006.jpg,five of diamonds
Image_2007.jpg,ace of hearts
Image_2008.jpg,nine of spades
Image_2009.jpg,jack of spades
Image_2010.jpg,two of diamonds
Image_2011.jpg,king of diamonds
Image_2012.jpg,eight of diamonds
Image_2013.jpg,six of clubs
Image_2014.jpg,ten of diamonds
Image_2015.jpg,ten of hearts
Image_2016.jpg,five of spades
Image_2017.jpg,jack of spades
Image_2018.jpg,two of spades
Image_2019.jpg,three of clubs
Image_2020.jpg,nine of spades
Image_2021.jpg,queen of diamonds
Image_2022.jpg,king of hearts
Image_2023.jpg,eight of clubs
Image_2024.jpg,six of diamonds
Image_2025.jpg,six of diamonds
Image_2026.jpg,queen of clubs
Image_2027.jpg,six of spades
Image_2028.jpg,nine of clubs
Image_2029.jpg,two of diamonds
Image_2030.jpg,king of hearts
Image_2031.jpg,six of spades
Image_2032.jpg,five of hearts
Image_2033.jpg,joker
Image_2034.jpg,two of hearts
Image_2035.jpg,seven of diamonds
Image_2036.jpg,queen of diamonds
Image_2037.jpg,king of clubs
Image_2038.jpg,eight of spades
Image_2039.jpg,nine of spades
Image_2040.jpg,six of diamonds
Image_2041.jpg,jack of hearts
Image_2042.jpg,five of diamonds
Image_2043.jpg,two of spades
Image_2044.jpg,jack of diamonds
Image_2045.jpg,ace of clubs
Image_2046.jpg,ace of hearts
Image_2047.jpg,queen of clubs
Image_2048.jpg,five of hearts
